{
    "Shallow":[
    {"unit":128}
        ],
    "Meifu":[
    {"unit":0}
        ],
    "Meishi":[
    {"unit":0}
        ],
    "Morning":[
    {"unit":0}
        ],
    "Pastel":[
    {"unit":3}
        ],
    "Forest":[
    {"unit":0}
        ],
    "Ocean":[
    {"unit":0}
        ],
    "Sakura":[
    {"unit":0}
        ],
    "Fuji":[
    {"unit":0}
        ],
    "YouYa":[
    {"unit":0}
        ],
    "Acient":[
    {"unit":0}
        ],
    "Lemon":[
    {"unit":0}
        ],
    "Skin":[
    {"unit":0}
        ],
    "Beauty":[
    {"unit":0}
        ],
    "France":[
    {"unit":0}
        ],
    "Cool":[
    {"unit":0}
        ],
    "Oscar":[
    {"unit":0}
        ],
    "Xinchao":[
    {"unit":0}
        ],
    "Origin":[
    {"unit":0}
    ],
    "xianliang":[
    {"unit":0}
    ],
    "LookUp":[
    {"unit":0}
    ]
}
